Month,Day,Hour,Minute,Username,Book-id,Status,Type of request
1,16,17,2,mbrn1,1,Canceled,Borrowing
1,18,23,10,mbrn1,1,Approved,Borrowing
1,18,23,28,alirezab1,1,Approved,Returning
1,19,23,35,mbrn1,1,Waiting,Reserving
1,23,4,35,mbrn1,1,Waiting,Borrowing
1,23,3,34,mbrn1,1,Waiting,Borrowing
1,26,3,44,mbrn1,1,Approved,Reserving
1,22,54,23,mbrn1,1,Approved,Returning
1,25,4,24,mbrn1,1,Approved,Reserving
1,24,17,39,alirezabb,3,Waiting,Borrowing
1,25,20,25,alireza,3,Waiting,Borrowing
1,25,20,26,alireza,0,Approved,Reserving
1,25,20,26,alireza,2,Waiting,Returning
6,30,20,21,alirezab,1,Waiting,Borrowing
6,30,20,50,mbrn1,3,Approved,Borrowing
6,30,23,47,alirezab1,1,Approved,Returning
6,30,23,56,alirezab1,3,Approved,Borrowing
7,1,0,3,alirezab1,3,Approved,Returning
7,1,12,33,alirezab1,3,Approved,Borrowing
7,1,12,36,alirezab1,3,Approved,Returning
7,1,14,20,mbrr1,2,Approved,Returning
7,1,15,36,alirezab1,1,Approved,Borrowing
7,1,15,49,alirezab1,4,Approved,Borrowing
7,1,15,53,alirezab1,1,Approved,Returning
7,2,15,7,alirezab1,5,Approved,Borrowing
7,2,15,11,alirezab1,3,Approved,Borrowing
7,2,15,20,alirezab1,5,Canceled,Returning
7,2,15,22,alirezab1,1,Approved,Returning
7,2,15,28,alirezab1,3,Approved,Returning
7,2,15,30,alirezab1,3,Approved,Borrowing
7,2,15,31,alirezab1,3,Approved,Returning
7,2,15,37,alirezab1,5,Approved,Returning
